<?xml version="1.0" encoding="utf-8"?>
<Sprites>
	<Sprite name="Stockpile_"     x="0" y="224" w="32" h="32" pixelPerUnit="32" />
	<Sprite name="Stockpile_E"    x="320" y="192" w="32" h="32" pixelPerUnit="32" />
	<Sprite name="Stockpile_ES"   x="0" y="160" w="32" h="32" pixelPerUnit="32" />
	<Sprite name="Stockpile_ESW"  x="192" y="32" w="32" h="32" pixelPerUnit="32" />
	<Sprite name="Stockpile_EW"   x="32" y="160" w="32" h="32" pixelPerUnit="32" />
	<Sprite name="Stockpile_N"    x="352" y="160" w="32" h="32" pixelPerUnit="32" />
	<Sprite name="Stockpile_NE"   x="0" y="96" w="32" h="32" pixelPerUnit="32" />
	<Sprite name="Stockpile_NES"  x="128" y="192" w="32" h="32" pixelPerUnit="32" />
	<Sprite name="Stockpile_NESW" x="352" y="192" w="32" h="32" pixelPerUnit="32" />
	<Sprite name="Stockpile_NEW"  x="192" y="96" w="32" h="32" pixelPerUnit="32" />
	<Sprite name="Stockpile_NS"   x="64" y="128" w="32" h="32" pixelPerUnit="32" />
	<Sprite name="Stockpile_NSW"  x="256" y="192" w="32" h="32" pixelPerUnit="32" />
	<Sprite name="Stockpile_NW"   x="64" y="96" w="32" h="32" pixelPerUnit="32" />
	<Sprite name="Stockpile_S"    x="352" y="224" w="32" h="32" pixelPerUnit="32" />
	<Sprite name="Stockpile_SW"   x="64" y="160" w="32" h="32" pixelPerUnit="32" />
	<Sprite name="Stockpile_W"    x="384" y="192" w="32" h="32" pixelPerUnit="32" />
</Sprites>